{
"lengthUnit": "mil",
"remark": [],
"components": {
	"fields": ["COMPONENT_NO", "COMPONENT_NAME", "LAYER", "X_COORDINATE", "Y_COORDINATE", "ANGLE"],
	"rows": [
		[1, "CN1", "T", 276.655, -334.65, 0],
		[2, "U1", "T", 545, -335.638, 270],
		[3, "PAD1", "T", 130.985, -226.38, 0],
		[4, "PAD2", "T", 276.655, -226.38, 0],
		[5, "PAD3", "T", 422.325, -226.38, 0],
		[6, "PAD4", "T", 130.985, -442.92, 0],
		[7, "PAD5", "T", 276.655, -442.92, 0],
		[8, "PAD6", "T", 422.325, -442.92, 0],
		[9, "PAD7", "T", 545, -385.638, 0],
		[10, "PAD7", "B", 545, -385.638, 0],
		[11, "PAD8", "T", 545, -285.638, 0],
		[12, "PAD8", "B", 545, -285.638, 0]
	]
},
"pins": {
	"fields": ["PIN_NO", "PIN_NAME", "PIN_X", "PIN_Y", "LAYER", "PIN_TYPE", "NET_NAME", "NET_TYPE", "PAD_SHAPE", "PAD_SIZEX", "PAD_SIZEY", "HOLE_SIZE", "HOLE_LEN", "PAD_ANGLE"],
	"rows": [
		[1, "CN1_1", 130.985, -226.38, "T", "SMD", "OUT1", "", "R", 59.06, 59.06, 0, 0, 180],
		[2, "CN1_2", 276.655, -442.92, "T", "SMD", "OUT2", "", "R", 62.992, 62.992, 0, 0, 180],
		[3, "CN1_3", 276.655, -226.38, "T", "SMD", "OUT1", "", "R", 59.06, 59.06, 0, 0, 180],
		[4, "CN1_4", 130.985, -442.92, "T", "SMD", "OUT1", "", "R", 62.992, 62.992, 0, 0, 180],
		[5, "CN1_10", 422.325, -442.92, "T", "SMD", "OUT2", "", "R", 62.992, 62.992, 0, 0, 180],
		[6, "CN1_11", 422.325, -226.38, "T", "SMD", "OUT1", "", "R", 59.06, 59.06, 0, 0, 180],
		[7, "U1_1", 545, -285.638, "T", "DIP", "OUT1", "", "R", 78.74, 78.74, 47.244, 47.244, 270],
		[8, "U1_1", 545, -285.638, "B", "DIP", "OUT1", "", "R", 78.74, 78.74, 47.244, 47.244, 270],
		[9, "U1_2", 545, -385.638, "T", "DIP", "OUT2", "", "C", 78.74, 78.74, 47.244, 47.244, 270],
		[10, "U1_2", 545, -385.638, "B", "DIP", "OUT2", "", "C", 78.74, 78.74, 47.244, 47.244, 270],
		[11, "PAD1_1", 130.985, -226.38, "T", "SMD", "OUT1", "", "R", 59.06, 59.06, 0, 0, 180],
		[12, "PAD2_3", 276.655, -226.38, "T", "SMD", "OUT1", "", "R", 59.06, 59.06, 0, 0, 180],
		[13, "PAD3_11", 422.325, -226.38, "T", "SMD", "OUT1", "", "R", 59.06, 59.06, 0, 0, 180],
		[14, "PAD4_4", 130.985, -442.92, "T", "SMD", "OUT1", "", "R", 62.992, 62.992, 0, 0, 180],
		[15, "PAD5_2", 276.655, -442.92, "T", "SMD", "OUT2", "", "R", 62.992, 62.992, 0, 0, 180],
		[16, "PAD6_10", 422.325, -442.92, "T", "SMD", "OUT2", "", "R", 62.992, 62.992, 0, 0, 180],
		[17, "PAD7_2", 545, -385.638, "T", "DIP", "OUT2", "", "C", 78.74, 78.74, 47.244, 47.244, 270],
		[18, "PAD7_2", 545, -385.638, "B", "DIP", "OUT2", "", "C", 78.74, 78.74, 47.244, 47.244, 270],
		[19, "PAD8_1", 545, -285.638, "T", "DIP", "OUT1", "", "R", 78.74, 78.74, 47.244, 47.244, 270],
		[20, "PAD8_1", 545, -285.638, "B", "DIP", "OUT1", "", "R", 78.74, 78.74, 47.244, 47.244, 270]
	]
}
}