{
"lengthUnit": "mil",
"remark": [],
"components": {
	"fields": ["COMPONENT_NO", "COMPONENT_NAME", "LAYER", "X_COORDINATE", "Y_COORDINATE", "ANGLE"],
	"rows": [
		[1, "A", "B", 510.044, 375, 270],
		[2, "B", "B", 510.044, 250, 270],
		[3, "BAT", "T", 1065, 527.9742, 90],
		[4, "C1", "T", 750, 520, 270],
		[5, "C2", "T", 287.188, 578.381, 0],
		[6, "D1", "T", 651.0785, 520, 90],
		[7, "D6", "T", 932.934, 233.021, 270],
		[8, "L", "B", 510, 500.165, 270],
		[9, "L1", "T", 900, 520.992, 270],
		[10, "OUT", "T", 1065, 230.5052, 90],
		[11, "P", "T", 1067.696, 377.74, 180],
		[12, "PWM", "T", 265, 375.8852, 90],
		[13, "Q2", "T", 545.417, 508.167, 180],
		[14, "Q3", "T", 745, 344.3097, 90],
		[15, "Q4", "T", 745, 198.6195, 90],
		[16, "Q7", "T", 410, 345.6902, 270],
		[17, "Q8", "T", 410, 200, 270],
		[18, "Q9", "T", 610, 200, 90],
		[19, "Q10", "T", 610, 345.0095, 90],
		[20, "R1", "T", 426.052, 515, 90],
		[21, "R2", "T", 510, 345, 270],
		[22, "R3", "T", 510, 200, 270],
		[23, "R4", "T", 845, 345, 270],
		[24, "R5", "T", 845, 200, 270],
		[25, "R6", "T", 358.8205, 446.2252, 270],
		[26, "R7", "T", 280, 175.3018, 0],
		[27, "R8", "T", 946.095, 380, 180],
		[28, "R9", "B", 440, 500, 90],
		[29, "R10", "B", 440, 374.835, 90],
		[30, "R11", "B", 440, 250, 90],
		[31, "PAD1", "T", 506.047, 545.567, 0],
		[32, "PAD2", "T", 506.047, 470.767, 0],
		[33, "PAD3", "T", 584.787, 508.167, 0],
		[34, "PAD4", "T", 426.052, 544.66, 0],
		[35, "PAD5", "T", 426.052, 485.34, 0],
		[36, "PAD6", "T", 782.4, 383.6797, 0],
		[37, "PAD7", "T", 707.6, 383.6797, 0],
		[38, "PAD8", "T", 745, 304.9397, 0],
		[39, "PAD9", "T", 782.4, 237.9895, 0],
		[40, "PAD10", "T", 707.6, 237.9895, 0],
		[41, "PAD11", "T", 745, 159.2495, 0],
		[42, "PAD12", "T", 510, 315.34, 0],
		[43, "PAD13", "T", 510, 374.66, 0],
		[44, "PAD14", "T", 510, 170.34, 0],
		[45, "PAD15", "T", 510, 229.66, 0],
		[46, "PAD16", "T", 845, 315.34, 0],
		[47, "PAD17", "T", 845, 374.66, 0],
		[48, "PAD18", "T", 845, 170.34, 0],
		[49, "PAD19", "T", 845, 229.66, 0],
		[50, "PAD20", "T", 372.6, 306.3202, 0],
		[51, "PAD21", "T", 447.4, 306.3202, 0],
		[52, "PAD22", "T", 410, 385.0602, 0],
		[53, "PAD23", "T", 372.6, 160.63, 0],
		[54, "PAD24", "T", 447.4, 160.63, 0],
		[55, "PAD25", "T", 410, 239.37, 0],
		[56, "PAD26", "T", 358.8205, 416.5652, 0],
		[57, "PAD27", "T", 358.8205, 475.8852, 0],
		[58, "PAD28", "T", 309.66, 175.3018, 0],
		[59, "PAD29", "T", 250.34, 175.3018, 0],
		[60, "PAD30", "T", 647.4, 239.37, 0],
		[61, "PAD31", "T", 572.6, 239.37, 0],
		[62, "PAD32", "T", 610, 160.63, 0],
		[63, "PAD33", "T", 647.4, 384.3795, 0],
		[64, "PAD34", "T", 572.6, 384.3795, 0],
		[65, "PAD35", "T", 610, 305.6395, 0],
		[66, "PAD36", "T", 1065, 280.5052, 0],
		[67, "PAD36", "B", 1065, 280.5052, 0],
		[68, "PAD37", "T", 1065, 180.5052, 0],
		[69, "PAD37", "B", 1065, 180.5052, 0],
		[70, "PAD38", "T", 265, 275.8852, 0],
		[71, "PAD38", "B", 265, 275.8852, 0],
		[72, "PAD39", "T", 265, 375.8852, 0],
		[73, "PAD39", "B", 265, 375.8852, 0],
		[74, "PAD40", "T", 265, 475.8852, 0],
		[75, "PAD40", "B", 265, 475.8852, 0],
		[76, "PAD41", "T", 1065, 577.9742, 0],
		[77, "PAD41", "B", 1065, 577.9742, 0],
		[78, "PAD42", "T", 1065, 477.9742, 0],
		[79, "PAD42", "B", 1065, 477.9742, 0],
		[80, "PAD43", "T", 916.435, 380, 0],
		[81, "PAD44", "T", 975.755, 380, 0],
		[82, "PAD45", "T", 1099.171, 377.875, 0],
		[83, "PAD46", "T", 1036.221, 377.605, 0],
		[84, "PAD47", "T", 314.748, 578.381, 0],
		[85, "PAD48", "T", 259.628, 578.381, 0],
		[86, "PAD49", "T", 900, 580.052, 0],
		[87, "PAD50", "T", 900, 461.932, 0],
		[88, "PAD51", "B", 440, 529.66, 0],
		[89, "PAD52", "B", 440, 470.34, 0],
		[90, "PAD53", "B", 510.135, 531.64, 0],
		[91, "PAD54", "B", 509.865, 468.69, 0],
		[92, "PAD55", "B", 440, 404.495, 0],
		[93, "PAD56", "B", 440, 345.175, 0],
		[94, "PAD57", "B", 510.179, 406.475, 0],
		[95, "PAD58", "B", 509.909, 343.525, 0],
		[96, "PAD59", "B", 440, 279.66, 0],
		[97, "PAD60", "B", 440, 220.34, 0],
		[98, "PAD61", "B", 510.179, 281.475, 0],
		[99, "PAD62", "B", 509.909, 218.525, 0],
		[100, "PAD63", "T", 651.0785, 586.63, 0],
		[101, "PAD64", "T", 651.0785, 453.37, 0],
		[102, "PAD65", "T", 750, 457.3, 0],
		[103, "PAD66", "T", 750, 582.7, 0],
		[104, "PAD67", "T", 932.934, 299.951, 0],
		[105, "PAD68", "T", 932.934, 166.091, 0]
	]
},
"pins": {
	"fields": ["PIN_NO", "PIN_NAME", "PIN_X", "PIN_Y", "LAYER", "PIN_TYPE", "NET_NAME", "NET_TYPE", "PAD_SHAPE", "PAD_SIZEX", "PAD_SIZEY", "HOLE_SIZE", "HOLE_LEN", "PAD_ANGLE"],
	"rows": [
		[1, "A_1", 510.179, 406.475, "B", "SMD", "GND", "GND", "R", 31.496, 31.496, 0, 0, 180],
		[2, "A_2", 509.909, 343.525, "B", "SMD", "$1N5808", "", "R", 31.496, 31.496, 0, 0, 180],
		[3, "B_1", 510.179, 281.475, "B", "SMD", "GND", "GND", "R", 31.496, 31.496, 0, 0, 180],
		[4, "B_2", 509.909, 218.525, "B", "SMD", "$1N5903", "", "R", 31.496, 31.496, 0, 0, 180],
		[5, "BAT_1", 1065, 477.9742, "T", "DIP", "VCC", "", "R", 70.866, 70.866, 39.37, 39.37, 90],
		[6, "BAT_1", 1065, 477.9742, "B", "DIP", "VCC", "", "R", 70.866, 70.866, 39.37, 39.37, 90],
		[7, "BAT_2", 1065, 577.9742, "T", "DIP", "GND", "GND", "C", 70.866, 70.866, 39.37, 39.37, 90],
		[8, "BAT_2", 1065, 577.9742, "B", "DIP", "GND", "GND", "C", 70.866, 70.866, 39.37, 39.37, 90],
		[9, "C1_1", 750, 582.7, "T", "SMD", "GND", "GND", "R", 58.465, 68.031, 0, 0, 270],
		[10, "C1_2", 750, 457.3, "T", "SMD", "$1N635", "", "R", 58.465, 68.031, 0, 0, 270],
		[11, "C2_1", 259.628, 578.381, "T", "SMD", "L-BOOST", "", "R", 31.496, 35.433, 0, 0, 0],
		[12, "C2_2", 314.748, 578.381, "T", "SMD", "$1N633", "", "R", 31.496, 35.433, 0, 0, 0],
		[13, "D1_1", 651.0785, 453.37, "T", "SMD", "$1N635", "", "R", 37.402, 45.276, 0, 0, 90],
		[14, "D1_2", 651.0785, 586.63, "T", "SMD", "$1N1569", "", "R", 37.402, 45.276, 0, 0, 90],
		[15, "D6_1", 932.934, 299.951, "T", "SMD", "OUT2", "", "R", 47.244, 55.118, 0, 0, 270],
		[16, "D6_2", 932.934, 166.091, "T", "SMD", "OUT1", "", "R", 47.244, 55.118, 0, 0, 270],
		[17, "L_1", 510.135, 531.64, "B", "SMD", "GND", "GND", "R", 31.496, 31.496, 0, 0, 180],
		[18, "L_2", 509.865, 468.69, "B", "SMD", "$1N5710", "", "R", 31.496, 31.496, 0, 0, 180],
		[19, "L1_1", 900, 580.052, "T", "SMD", "$1N1569", "", "R", 62.992, 153.543, 0, 0, 270],
		[20, "L1_2", 900, 461.932, "T", "SMD", "VCC", "", "R", 62.992, 153.543, 0, 0, 270],
		[21, "OUT_1", 1065, 180.5052, "T", "DIP", "OUT1", "", "R", 70.866, 70.866, 39.37, 39.37, 90],
		[22, "OUT_1", 1065, 180.5052, "B", "DIP", "OUT1", "", "R", 70.866, 70.866, 39.37, 39.37, 90],
		[23, "OUT_2", 1065, 280.5052, "T", "DIP", "OUT2", "", "C", 70.866, 70.866, 39.37, 39.37, 90],
		[24, "OUT_2", 1065, 280.5052, "B", "DIP", "OUT2", "", "C", 70.866, 70.866, 39.37, 39.37, 90],
		[25, "P_1", 1099.171, 377.875, "T", "SMD", "GND", "GND", "R", 31.496, 31.496, 0, 0, 270],
		[26, "P_2", 1036.221, 377.605, "T", "SMD", "$1N3237", "", "R", 31.496, 31.496, 0, 0, 270],
		[27, "PWM_1", 265, 275.8852, "T", "DIP", "IN2", "", "R", 66.929, 66.929, 43.308, 43.308, 90],
		[28, "PWM_1", 265, 275.8852, "B", "DIP", "IN2", "", "R", 66.929, 66.929, 43.308, 43.308, 90],
		[29, "PWM_2", 265, 375.8852, "T", "DIP", "IN1", "", "C", 66.929, 66.929, 43.308, 43.308, 90],
		[30, "PWM_2", 265, 375.8852, "B", "DIP", "IN1", "", "C", 66.929, 66.929, 43.308, 43.308, 90],
		[31, "PWM_3", 265, 475.8852, "T", "DIP", "L-BOOST", "", "C", 66.929, 66.929, 43.308, 43.308, 90],
		[32, "PWM_3", 265, 475.8852, "B", "DIP", "L-BOOST", "", "C", 66.929, 66.929, 43.308, 43.308, 90],
		[33, "Q2_1", 506.047, 545.567, "T", "SMD", "$1N633", "", "R", 49.213, 27.559, 0, 0, 180],
		[34, "Q2_2", 506.047, 470.767, "T", "SMD", "GND", "GND", "R", 49.213, 27.559, 0, 0, 180],
		[35, "Q2_3", 584.787, 508.167, "T", "SMD", "$1N1569", "", "R", 49.213, 27.559, 0, 0, 180],
		[36, "Q3_1", 782.4, 383.6797, "T", "SMD", "$1N640", "", "R", 49.213, 27.559, 0, 0, 90],
		[37, "Q3_2", 707.6, 383.6797, "T", "SMD", "$1N635", "", "R", 49.213, 27.559, 0, 0, 90],
		[38, "Q3_3", 745, 304.9397, "T", "SMD", "OUT2", "", "R", 49.213, 27.559, 0, 0, 90],
		[39, "Q4_1", 782.4, 237.9895, "T", "SMD", "$1N637", "", "R", 49.213, 27.559, 0, 0, 90],
		[40, "Q4_2", 707.6, 237.9895, "T", "SMD", "OUT2", "", "R", 49.213, 27.559, 0, 0, 90],
		[41, "Q4_3", 745, 159.2495, "T", "SMD", "GND", "GND", "R", 49.213, 27.559, 0, 0, 90],
		[42, "Q7_1", 372.6, 306.3202, "T", "SMD", "$1N644", "", "R", 49.213, 27.559, 0, 0, 270],
		[43, "Q7_2", 447.4, 306.3202, "T", "SMD", "GND", "GND", "R", 49.213, 27.559, 0, 0, 270],
		[44, "Q7_3", 410, 385.0602, "T", "SMD", "$1N639", "", "R", 49.213, 27.559, 0, 0, 270],
		[45, "Q8_1", 372.6, 160.63, "T", "SMD", "$1N645", "", "R", 49.213, 27.559, 0, 0, 270],
		[46, "Q8_2", 447.4, 160.63, "T", "SMD", "GND", "GND", "R", 49.213, 27.559, 0, 0, 270],
		[47, "Q8_3", 410, 239.37, "T", "SMD", "$1N641", "", "R", 49.213, 27.559, 0, 0, 270],
		[48, "Q9_1", 647.4, 239.37, "T", "SMD", "$1N638", "", "R", 49.213, 27.559, 0, 0, 90],
		[49, "Q9_2", 572.6, 239.37, "T", "SMD", "OUT1", "", "R", 49.213, 27.559, 0, 0, 90],
		[50, "Q9_3", 610, 160.63, "T", "SMD", "GND", "GND", "R", 49.213, 27.559, 0, 0, 90],
		[51, "Q10_1", 647.4, 384.3795, "T", "SMD", "$1N636", "", "R", 49.213, 27.559, 0, 0, 90],
		[52, "Q10_2", 572.6, 384.3795, "T", "SMD", "$1N635", "", "R", 49.213, 27.559, 0, 0, 90],
		[53, "Q10_3", 610, 305.6395, "T", "SMD", "OUT1", "", "R", 49.213, 27.559, 0, 0, 90],
		[54, "R1_1", 426.052, 485.34, "T", "SMD", "L-BOOST", "", "R", 31.751, 34.016, 0, 0, 90],
		[55, "R1_2", 426.052, 544.66, "T", "SMD", "$1N633", "", "R", 31.751, 34.016, 0, 0, 90],
		[56, "R2_1", 510, 374.66, "T", "SMD", "$1N639", "", "R", 31.751, 34.016, 0, 0, 270],
		[57, "R2_2", 510, 315.34, "T", "SMD", "$1N636", "", "R", 31.751, 34.016, 0, 0, 270],
		[58, "R3_1", 510, 229.66, "T", "SMD", "$1N641", "", "R", 31.751, 34.016, 0, 0, 270],
		[59, "R3_2", 510, 170.34, "T", "SMD", "$1N638", "", "R", 31.751, 34.016, 0, 0, 270],
		[60, "R4_1", 845, 374.66, "T", "SMD", "$1N640", "", "R", 31.751, 34.016, 0, 0, 270],
		[61, "R4_2", 845, 315.34, "T", "SMD", "$1N641", "", "R", 31.751, 34.016, 0, 0, 270],
		[62, "R5_1", 845, 229.66, "T", "SMD", "$1N637", "", "R", 31.751, 34.016, 0, 0, 270],
		[63, "R5_2", 845, 170.34, "T", "SMD", "$1N639", "", "R", 31.751, 34.016, 0, 0, 270],
		[64, "R6_1", 358.8205, 475.8852, "T", "SMD", "IN1", "", "R", 31.751, 34.016, 0, 0, 270],
		[65, "R6_2", 358.8205, 416.5652, "T", "SMD", "$1N644", "", "R", 31.751, 34.016, 0, 0, 270],
		[66, "R7_1", 250.34, 175.3018, "T", "SMD", "IN2", "", "R", 31.751, 34.016, 0, 0, 0],
		[67, "R7_2", 309.66, 175.3018, "T", "SMD", "$1N645", "", "R", 31.751, 34.016, 0, 0, 0],
		[68, "R8_1", 975.755, 380, "T", "SMD", "$1N3237", "", "R", 31.751, 34.016, 0, 0, 180],
		[69, "R8_2", 916.435, 380, "T", "SMD", "VCC", "", "R", 31.751, 34.016, 0, 0, 180],
		[70, "R9_1", 440, 470.34, "B", "SMD", "$1N5710", "", "R", 31.751, 34.016, 0, 0, 90],
		[71, "R9_2", 440, 529.66, "B", "SMD", "L-BOOST", "", "R", 31.751, 34.016, 0, 0, 90],
		[72, "R10_1", 440, 345.175, "B", "SMD", "$1N5808", "", "R", 31.751, 34.016, 0, 0, 90],
		[73, "R10_2", 440, 404.495, "B", "SMD", "IN1", "", "R", 31.751, 34.016, 0, 0, 90],
		[74, "R11_1", 440, 220.34, "B", "SMD", "$1N5903", "", "R", 31.751, 34.016, 0, 0, 90],
		[75, "R11_2", 440, 279.66, "B", "SMD", "IN2", "", "R", 31.751, 34.016, 0, 0, 90],
		[76, "PAD1_1", 506.047, 545.567, "T", "SMD", "$1N633", "", "R", 49.213, 27.559, 0, 0, 180],
		[77, "PAD2_2", 506.047, 470.767, "T", "SMD", "GND", "GND", "R", 49.213, 27.559, 0, 0, 180],
		[78, "PAD3_3", 584.787, 508.167, "T", "SMD", "$1N1569", "", "R", 49.213, 27.559, 0, 0, 180],
		[79, "PAD4_2", 426.052, 544.66, "T", "SMD", "$1N633", "", "R", 31.751, 34.016, 0, 0, 90],
		[80, "PAD5_1", 426.052, 485.34, "T", "SMD", "L-BOOST", "", "R", 31.751, 34.016, 0, 0, 90],
		[81, "PAD6_1", 782.4, 383.6797, "T", "SMD", "$1N640", "", "R", 49.213, 27.559, 0, 0, 90],
		[82, "PAD7_2", 707.6, 383.6797, "T", "SMD", "$1N635", "", "R", 49.213, 27.559, 0, 0, 90],
		[83, "PAD8_3", 745, 304.9397, "T", "SMD", "OUT2", "", "R", 49.213, 27.559, 0, 0, 90],
		[84, "PAD9_1", 782.4, 237.9895, "T", "SMD", "$1N637", "", "R", 49.213, 27.559, 0, 0, 90],
		[85, "PAD10_2", 707.6, 237.9895, "T", "SMD", "OUT2", "", "R", 49.213, 27.559, 0, 0, 90],
		[86, "PAD11_3", 745, 159.2495, "T", "SMD", "GND", "GND", "R", 49.213, 27.559, 0, 0, 90],
		[87, "PAD12_2", 510, 315.34, "T", "SMD", "$1N636", "", "R", 31.751, 34.016, 0, 0, 270],
		[88, "PAD13_1", 510, 374.66, "T", "SMD", "$1N639", "", "R", 31.751, 34.016, 0, 0, 270],
		[89, "PAD14_2", 510, 170.34, "T", "SMD", "$1N638", "", "R", 31.751, 34.016, 0, 0, 270],
		[90, "PAD15_1", 510, 229.66, "T", "SMD", "$1N641", "", "R", 31.751, 34.016, 0, 0, 270],
		[91, "PAD16_2", 845, 315.34, "T", "SMD", "$1N641", "", "R", 31.751, 34.016, 0, 0, 270],
		[92, "PAD17_1", 845, 374.66, "T", "SMD", "$1N640", "", "R", 31.751, 34.016, 0, 0, 270],
		[93, "PAD18_2", 845, 170.34, "T", "SMD", "$1N639", "", "R", 31.751, 34.016, 0, 0, 270],
		[94, "PAD19_1", 845, 229.66, "T", "SMD", "$1N637", "", "R", 31.751, 34.016, 0, 0, 270],
		[95, "PAD20_1", 372.6, 306.3202, "T", "SMD", "$1N644", "", "R", 49.213, 27.559, 0, 0, 270],
		[96, "PAD21_2", 447.4, 306.3202, "T", "SMD", "GND", "GND", "R", 49.213, 27.559, 0, 0, 270],
		[97, "PAD22_3", 410, 385.0602, "T", "SMD", "$1N639", "", "R", 49.213, 27.559, 0, 0, 270],
		[98, "PAD23_1", 372.6, 160.63, "T", "SMD", "$1N645", "", "R", 49.213, 27.559, 0, 0, 270],
		[99, "PAD24_2", 447.4, 160.63, "T", "SMD", "GND", "GND", "R", 49.213, 27.559, 0, 0, 270],
		[100, "PAD25_3", 410, 239.37, "T", "SMD", "$1N641", "", "R", 49.213, 27.559, 0, 0, 270],
		[101, "PAD26_2", 358.8205, 416.5652, "T", "SMD", "$1N644", "", "R", 31.751, 34.016, 0, 0, 270],
		[102, "PAD27_1", 358.8205, 475.8852, "T", "SMD", "IN1", "", "R", 31.751, 34.016, 0, 0, 270],
		[103, "PAD28_2", 309.66, 175.3018, "T", "SMD", "$1N645", "", "R", 31.751, 34.016, 0, 0, 0],
		[104, "PAD29_1", 250.34, 175.3018, "T", "SMD", "IN2", "", "R", 31.751, 34.016, 0, 0, 0],
		[105, "PAD30_1", 647.4, 239.37, "T", "SMD", "$1N638", "", "R", 49.213, 27.559, 0, 0, 90],
		[106, "PAD31_2", 572.6, 239.37, "T", "SMD", "OUT1", "", "R", 49.213, 27.559, 0, 0, 90],
		[107, "PAD32_3", 610, 160.63, "T", "SMD", "GND", "GND", "R", 49.213, 27.559, 0, 0, 90],
		[108, "PAD33_1", 647.4, 384.3795, "T", "SMD", "$1N636", "", "R", 49.213, 27.559, 0, 0, 90],
		[109, "PAD34_2", 572.6, 384.3795, "T", "SMD", "$1N635", "", "R", 49.213, 27.559, 0, 0, 90],
		[110, "PAD35_3", 610, 305.6395, "T", "SMD", "OUT1", "", "R", 49.213, 27.559, 0, 0, 90],
		[111, "PAD36_2", 1065, 280.5052, "T", "DIP", "OUT2", "", "C", 70.866, 70.866, 39.37, 39.37, 90],
		[112, "PAD36_2", 1065, 280.5052, "B", "DIP", "OUT2", "", "C", 70.866, 70.866, 39.37, 39.37, 90],
		[113, "PAD37_1", 1065, 180.5052, "T", "DIP", "OUT1", "", "R", 70.866, 70.866, 39.37, 39.37, 90],
		[114, "PAD37_1", 1065, 180.5052, "B", "DIP", "OUT1", "", "R", 70.866, 70.866, 39.37, 39.37, 90],
		[115, "PAD38_1", 265, 275.8852, "T", "DIP", "IN2", "", "R", 66.929, 66.929, 43.308, 43.308, 90],
		[116, "PAD38_1", 265, 275.8852, "B", "DIP", "IN2", "", "R", 66.929, 66.929, 43.308, 43.308, 90],
		[117, "PAD39_2", 265, 375.8852, "T", "DIP", "IN1", "", "C", 66.929, 66.929, 43.308, 43.308, 90],
		[118, "PAD39_2", 265, 375.8852, "B", "DIP", "IN1", "", "C", 66.929, 66.929, 43.308, 43.308, 90],
		[119, "PAD40_3", 265, 475.8852, "T", "DIP", "L-BOOST", "", "C", 66.929, 66.929, 43.308, 43.308, 90],
		[120, "PAD40_3", 265, 475.8852, "B", "DIP", "L-BOOST", "", "C", 66.929, 66.929, 43.308, 43.308, 90],
		[121, "PAD41_2", 1065, 577.9742, "T", "DIP", "GND", "GND", "C", 70.866, 70.866, 39.37, 39.37, 90],
		[122, "PAD41_2", 1065, 577.9742, "B", "DIP", "GND", "GND", "C", 70.866, 70.866, 39.37, 39.37, 90],
		[123, "PAD42_1", 1065, 477.9742, "T", "DIP", "VCC", "", "R", 70.866, 70.866, 39.37, 39.37, 90],
		[124, "PAD42_1", 1065, 477.9742, "B", "DIP", "VCC", "", "R", 70.866, 70.866, 39.37, 39.37, 90],
		[125, "PAD43_2", 916.435, 380, "T", "SMD", "VCC", "", "R", 31.751, 34.016, 0, 0, 180],
		[126, "PAD44_1", 975.755, 380, "T", "SMD", "$1N3237", "", "R", 31.751, 34.016, 0, 0, 180],
		[127, "PAD45_1", 1099.171, 377.875, "T", "SMD", "GND", "GND", "R", 31.496, 31.496, 0, 0, 270],
		[128, "PAD46_2", 1036.221, 377.605, "T", "SMD", "$1N3237", "", "R", 31.496, 31.496, 0, 0, 270],
		[129, "PAD47_2", 314.748, 578.381, "T", "SMD", "$1N633", "", "R", 31.496, 35.433, 0, 0, 0],
		[130, "PAD48_1", 259.628, 578.381, "T", "SMD", "L-BOOST", "", "R", 31.496, 35.433, 0, 0, 0],
		[131, "PAD49_1", 900, 580.052, "T", "SMD", "$1N1569", "", "R", 62.992, 153.543, 0, 0, 270],
		[132, "PAD50_2", 900, 461.932, "T", "SMD", "VCC", "", "R", 62.992, 153.543, 0, 0, 270],
		[133, "PAD51_2", 440, 529.66, "B", "SMD", "L-BOOST", "", "R", 31.751, 34.016, 0, 0, 90],
		[134, "PAD52_1", 440, 470.34, "B", "SMD", "$1N5710", "", "R", 31.751, 34.016, 0, 0, 90],
		[135, "PAD53_1", 510.135, 531.64, "B", "SMD", "GND", "GND", "R", 31.496, 31.496, 0, 0, 180],
		[136, "PAD54_2", 509.865, 468.69, "B", "SMD", "$1N5710", "", "R", 31.496, 31.496, 0, 0, 180],
		[137, "PAD55_2", 440, 404.495, "B", "SMD", "IN1", "", "R", 31.751, 34.016, 0, 0, 90],
		[138, "PAD56_1", 440, 345.175, "B", "SMD", "$1N5808", "", "R", 31.751, 34.016, 0, 0, 90],
		[139, "PAD57_1", 510.179, 406.475, "B", "SMD", "GND", "GND", "R", 31.496, 31.496, 0, 0, 180],
		[140, "PAD58_2", 509.909, 343.525, "B", "SMD", "$1N5808", "", "R", 31.496, 31.496, 0, 0, 180],
		[141, "PAD59_2", 440, 279.66, "B", "SMD", "IN2", "", "R", 31.751, 34.016, 0, 0, 90],
		[142, "PAD60_1", 440, 220.34, "B", "SMD", "$1N5903", "", "R", 31.751, 34.016, 0, 0, 90],
		[143, "PAD61_1", 510.179, 281.475, "B", "SMD", "GND", "GND", "R", 31.496, 31.496, 0, 0, 180],
		[144, "PAD62_2", 509.909, 218.525, "B", "SMD", "$1N5903", "", "R", 31.496, 31.496, 0, 0, 180],
		[145, "PAD63_2", 651.0785, 586.63, "T", "SMD", "$1N1569", "", "R", 37.402, 45.276, 0, 0, 90],
		[146, "PAD64_1", 651.0785, 453.37, "T", "SMD", "$1N635", "", "R", 37.402, 45.276, 0, 0, 90],
		[147, "PAD65_2", 750, 457.3, "T", "SMD", "$1N635", "", "R", 58.465, 68.031, 0, 0, 270],
		[148, "PAD66_1", 750, 582.7, "T", "SMD", "GND", "GND", "R", 58.465, 68.031, 0, 0, 270],
		[149, "PAD67_1", 932.934, 299.951, "T", "SMD", "OUT2", "", "R", 47.244, 55.118, 0, 0, 270],
		[150, "PAD68_2", 932.934, 166.091, "T", "SMD", "OUT1", "", "R", 47.244, 55.118, 0, 0, 270]
	]
}
}