{
"lengthUnit": "mil",
"remark": [],
"components": {
	"fields": ["COMPONENT_NO", "COMPONENT_NAME", "LAYER", "X_COORDINATE", "Y_COORDINATE", "ANGLE"],
	"rows": [
		[1, "BAT", "T", 945, 510, 90],
		[2, "C1", "T", 655, 520, 270],
		[3, "C2", "T", 330.335, 470, 0],
		[4, "D1", "T", 566.0785, 520, 90],
		[5, "L1", "T", 795, 515.992, 270],
		[6, "LEDA", "B", 395.044, 300, 270],
		[7, "LEDB", "B", 395.044, 175, 270],
		[8, "LEDL", "B", 395.044, 425, 270],
		[9, "LEDP", "T", 210.5175, 500, 180],
		[10, "PWM", "T", 215, 297.911, 90],
		[11, "Q2", "T", 455.417, 503.167, 180],
		[12, "Q3", "T", 745, 344.3097, 90],
		[13, "Q4", "T", 745, 198.6195, 90],
		[14, "Q7", "T", 410, 345, 270],
		[15, "Q8", "T", 410, 200, 270],
		[16, "Q9", "T", 610, 200, 90],
		[17, "Q10", "T", 610, 345.0095, 90],
		[18, "R1", "T", 330.03, 545, 0],
		[19, "R2", "T", 510, 345, 270],
		[20, "R3", "T", 510, 200, 270],
		[21, "R4", "T", 845, 345, 270],
		[22, "R5", "T", 845, 200, 270],
		[23, "R6", "T", 310, 340, 270],
		[24, "R7", "T", 310, 200, 270],
		[25, "R8", "T", 212.205, 570, 0],
		[26, "R9", "B", 325, 425, 90],
		[27, "R10", "B", 325, 299.835, 90],
		[28, "R11", "B", 325, 175, 90],
		[29, "TEST", "T", 945, 260, 90],
		[30, "PAD1", "T", 416.047, 540.567, 0],
		[31, "PAD2", "T", 416.047, 465.767, 0],
		[32, "PAD3", "T", 494.787, 503.167, 0],
		[33, "PAD4", "T", 359.69, 545, 0],
		[34, "PAD5", "T", 300.37, 545, 0],
		[35, "PAD6", "T", 782.4, 383.6797, 0],
		[36, "PAD7", "T", 707.6, 383.6797, 0],
		[37, "PAD8", "T", 745, 304.9397, 0],
		[38, "PAD9", "T", 782.4, 237.9895, 0],
		[39, "PAD10", "T", 707.6, 237.9895, 0],
		[40, "PAD11", "T", 745, 159.2495, 0],
		[41, "PAD12", "T", 510, 315.34, 0],
		[42, "PAD13", "T", 510, 374.66, 0],
		[43, "PAD14", "T", 510, 170.34, 0],
		[44, "PAD15", "T", 510, 229.66, 0],
		[45, "PAD16", "T", 845, 315.34, 0],
		[46, "PAD17", "T", 845, 374.66, 0],
		[47, "PAD18", "T", 845, 170.34, 0],
		[48, "PAD19", "T", 845, 229.66, 0],
		[49, "PAD20", "T", 372.6, 305.63, 0],
		[50, "PAD21", "T", 447.4, 305.63, 0],
		[51, "PAD22", "T", 410, 384.37, 0],
		[52, "PAD23", "T", 372.6, 160.63, 0],
		[53, "PAD24", "T", 447.4, 160.63, 0],
		[54, "PAD25", "T", 410, 239.37, 0],
		[55, "PAD26", "T", 310, 310.34, 0],
		[56, "PAD27", "T", 310, 369.66, 0],
		[57, "PAD28", "T", 310, 170.34, 0],
		[58, "PAD29", "T", 310, 229.66, 0],
		[59, "PAD30", "T", 647.4, 239.37, 0],
		[60, "PAD31", "T", 572.6, 239.37, 0],
		[61, "PAD32", "T", 610, 160.63, 0],
		[62, "PAD33", "T", 647.4, 384.3795, 0],
		[63, "PAD34", "T", 572.6, 384.3795, 0],
		[64, "PAD35", "T", 610, 305.6395, 0],
		[65, "PAD36", "T", 945, 310, 0],
		[66, "PAD36", "B", 945, 310, 0],
		[67, "PAD37", "T", 945, 210, 0],
		[68, "PAD37", "B", 945, 210, 0],
		[69, "PAD38", "T", 215, 197.911, 0],
		[70, "PAD38", "B", 215, 197.911, 0],
		[71, "PAD39", "T", 215, 297.911, 0],
		[72, "PAD39", "B", 215, 297.911, 0],
		[73, "PAD40", "T", 215, 397.911, 0],
		[74, "PAD40", "B", 215, 397.911, 0],
		[75, "PAD41", "T", 945, 560, 0],
		[76, "PAD41", "B", 945, 560, 0],
		[77, "PAD42", "T", 945, 460, 0],
		[78, "PAD42", "B", 945, 460, 0],
		[79, "PAD43", "T", 241.865, 570, 0],
		[80, "PAD44", "T", 182.545, 570, 0],
		[81, "PAD45", "T", 241.9925, 500.135, 0],
		[82, "PAD46", "T", 179.0425, 499.865, 0],
		[83, "PAD47", "T", 357.895, 470, 0],
		[84, "PAD48", "T", 302.775, 470, 0],
		[85, "PAD49", "T", 795, 575.052, 0],
		[86, "PAD50", "T", 795, 456.932, 0],
		[87, "PAD51", "B", 325, 454.66, 0],
		[88, "PAD52", "B", 325, 395.34, 0],
		[89, "PAD53", "B", 395.179, 456.475, 0],
		[90, "PAD54", "B", 394.909, 393.525, 0],
		[91, "PAD55", "B", 325, 329.495, 0],
		[92, "PAD56", "B", 325, 270.175, 0],
		[93, "PAD57", "B", 395.179, 331.475, 0],
		[94, "PAD58", "B", 394.909, 268.525, 0],
		[95, "PAD59", "B", 325, 204.66, 0],
		[96, "PAD60", "B", 325, 145.34, 0],
		[97, "PAD61", "B", 395.179, 206.475, 0],
		[98, "PAD62", "B", 394.909, 143.525, 0],
		[99, "PAD63", "T", 566.0785, 586.63, 0],
		[100, "PAD64", "T", 566.0785, 453.37, 0],
		[101, "PAD65", "T", 655, 457.3, 0],
		[102, "PAD66", "T", 655, 582.7, 0]
	]
},
"pins": {
	"fields": ["PIN_NO", "PIN_NAME", "PIN_X", "PIN_Y", "LAYER", "PIN_TYPE", "NET_NAME", "NET_TYPE", "PAD_SHAPE", "PAD_SIZEX", "PAD_SIZEY", "HOLE_SIZE", "HOLE_LEN", "PAD_ANGLE"],
	"rows": [
		[1, "BAT_1", 945, 460, "T", "DIP", "VCC", "", "R", 70.866, 70.866, 39.37, 39.37, 90],
		[2, "BAT_1", 945, 460, "B", "DIP", "VCC", "", "R", 70.866, 70.866, 39.37, 39.37, 90],
		[3, "BAT_2", 945, 560, "T", "DIP", "GND", "GND", "C", 70.866, 70.866, 39.37, 39.37, 90],
		[4, "BAT_2", 945, 560, "B", "DIP", "GND", "GND", "C", 70.866, 70.866, 39.37, 39.37, 90],
		[5, "C1_1", 655, 582.7, "T", "SMD", "GND", "GND", "R", 58.465, 68.031, 0, 0, 270],
		[6, "C1_2", 655, 457.3, "T", "SMD", "$1N635", "", "R", 58.465, 68.031, 0, 0, 270],
		[7, "C2_1", 302.775, 470, "T", "SMD", "L-BOOST", "", "R", 31.496, 35.433, 0, 0, 0],
		[8, "C2_2", 357.895, 470, "T", "SMD", "$1N633", "", "R", 31.496, 35.433, 0, 0, 0],
		[9, "D1_1", 566.0785, 453.37, "T", "SMD", "$1N635", "", "R", 37.402, 45.276, 0, 0, 90],
		[10, "D1_2", 566.0785, 586.63, "T", "SMD", "$1N1569", "", "R", 37.402, 45.276, 0, 0, 90],
		[11, "L1_1", 795, 575.052, "T", "SMD", "$1N1569", "", "R", 62.992, 153.543, 0, 0, 270],
		[12, "L1_2", 795, 456.932, "T", "SMD", "VCC", "", "R", 62.992, 153.543, 0, 0, 270],
		[13, "LEDA_1", 395.179, 331.475, "B", "SMD", "GND", "GND", "R", 31.496, 31.496, 0, 0, 180],
		[14, "LEDA_2", 394.909, 268.525, "B", "SMD", "$1N5808", "", "R", 31.496, 31.496, 0, 0, 180],
		[15, "LEDB_1", 395.179, 206.475, "B", "SMD", "GND", "GND", "R", 31.496, 31.496, 0, 0, 180],
		[16, "LEDB_2", 394.909, 143.525, "B", "SMD", "$1N5903", "", "R", 31.496, 31.496, 0, 0, 180],
		[17, "LEDL_1", 395.179, 456.475, "B", "SMD", "GND", "GND", "R", 31.496, 31.496, 0, 0, 180],
		[18, "LEDL_2", 394.909, 393.525, "B", "SMD", "$1N5710", "", "R", 31.496, 31.496, 0, 0, 180],
		[19, "LEDP_1", 241.9925, 500.135, "T", "SMD", "GND", "GND", "R", 31.496, 31.496, 0, 0, 270],
		[20, "LEDP_2", 179.0425, 499.865, "T", "SMD", "$1N3237", "", "R", 31.496, 31.496, 0, 0, 270],
		[21, "PWM_1", 215, 197.911, "T", "DIP", "IN2", "", "R", 66.929, 66.929, 43.308, 43.308, 90],
		[22, "PWM_1", 215, 197.911, "B", "DIP", "IN2", "", "R", 66.929, 66.929, 43.308, 43.308, 90],
		[23, "PWM_2", 215, 297.911, "T", "DIP", "IN1", "", "C", 66.929, 66.929, 43.308, 43.308, 90],
		[24, "PWM_2", 215, 297.911, "B", "DIP", "IN1", "", "C", 66.929, 66.929, 43.308, 43.308, 90],
		[25, "PWM_3", 215, 397.911, "T", "DIP", "L-BOOST", "", "C", 66.929, 66.929, 43.308, 43.308, 90],
		[26, "PWM_3", 215, 397.911, "B", "DIP", "L-BOOST", "", "C", 66.929, 66.929, 43.308, 43.308, 90],
		[27, "Q2_1", 416.047, 540.567, "T", "SMD", "$1N633", "", "R", 49.213, 27.559, 0, 0, 180],
		[28, "Q2_2", 416.047, 465.767, "T", "SMD", "GND", "GND", "R", 49.213, 27.559, 0, 0, 180],
		[29, "Q2_3", 494.787, 503.167, "T", "SMD", "$1N1569", "", "R", 49.213, 27.559, 0, 0, 180],
		[30, "Q3_1", 782.4, 383.6797, "T", "SMD", "$1N640", "", "R", 49.213, 27.559, 0, 0, 90],
		[31, "Q3_2", 707.6, 383.6797, "T", "SMD", "$1N635", "", "R", 49.213, 27.559, 0, 0, 90],
		[32, "Q3_3", 745, 304.9397, "T", "SMD", "OUT2", "", "R", 49.213, 27.559, 0, 0, 90],
		[33, "Q4_1", 782.4, 237.9895, "T", "SMD", "$1N637", "", "R", 49.213, 27.559, 0, 0, 90],
		[34, "Q4_2", 707.6, 237.9895, "T", "SMD", "OUT2", "", "R", 49.213, 27.559, 0, 0, 90],
		[35, "Q4_3", 745, 159.2495, "T", "SMD", "GND", "GND", "R", 49.213, 27.559, 0, 0, 90],
		[36, "Q7_1", 372.6, 305.63, "T", "SMD", "$1N644", "", "R", 49.213, 27.559, 0, 0, 270],
		[37, "Q7_2", 447.4, 305.63, "T", "SMD", "GND", "GND", "R", 49.213, 27.559, 0, 0, 270],
		[38, "Q7_3", 410, 384.37, "T", "SMD", "$1N639", "", "R", 49.213, 27.559, 0, 0, 270],
		[39, "Q8_1", 372.6, 160.63, "T", "SMD", "$1N645", "", "R", 49.213, 27.559, 0, 0, 270],
		[40, "Q8_2", 447.4, 160.63, "T", "SMD", "GND", "GND", "R", 49.213, 27.559, 0, 0, 270],
		[41, "Q8_3", 410, 239.37, "T", "SMD", "$1N641", "", "R", 49.213, 27.559, 0, 0, 270],
		[42, "Q9_1", 647.4, 239.37, "T", "SMD", "$1N638", "", "R", 49.213, 27.559, 0, 0, 90],
		[43, "Q9_2", 572.6, 239.37, "T", "SMD", "OUT1", "", "R", 49.213, 27.559, 0, 0, 90],
		[44, "Q9_3", 610, 160.63, "T", "SMD", "GND", "GND", "R", 49.213, 27.559, 0, 0, 90],
		[45, "Q10_1", 647.4, 384.3795, "T", "SMD", "$1N636", "", "R", 49.213, 27.559, 0, 0, 90],
		[46, "Q10_2", 572.6, 384.3795, "T", "SMD", "$1N635", "", "R", 49.213, 27.559, 0, 0, 90],
		[47, "Q10_3", 610, 305.6395, "T", "SMD", "OUT1", "", "R", 49.213, 27.559, 0, 0, 90],
		[48, "R1_1", 300.37, 545, "T", "SMD", "L-BOOST", "", "R", 31.751, 34.016, 0, 0, 0],
		[49, "R1_2", 359.69, 545, "T", "SMD", "$1N633", "", "R", 31.751, 34.016, 0, 0, 0],
		[50, "R2_1", 510, 374.66, "T", "SMD", "$1N639", "", "R", 31.751, 34.016, 0, 0, 270],
		[51, "R2_2", 510, 315.34, "T", "SMD", "$1N636", "", "R", 31.751, 34.016, 0, 0, 270],
		[52, "R3_1", 510, 229.66, "T", "SMD", "$1N641", "", "R", 31.751, 34.016, 0, 0, 270],
		[53, "R3_2", 510, 170.34, "T", "SMD", "$1N638", "", "R", 31.751, 34.016, 0, 0, 270],
		[54, "R4_1", 845, 374.66, "T", "SMD", "$1N640", "", "R", 31.751, 34.016, 0, 0, 270],
		[55, "R4_2", 845, 315.34, "T", "SMD", "$1N641", "", "R", 31.751, 34.016, 0, 0, 270],
		[56, "R5_1", 845, 229.66, "T", "SMD", "$1N637", "", "R", 31.751, 34.016, 0, 0, 270],
		[57, "R5_2", 845, 170.34, "T", "SMD", "$1N639", "", "R", 31.751, 34.016, 0, 0, 270],
		[58, "R6_1", 310, 369.66, "T", "SMD", "IN1", "", "R", 31.751, 34.016, 0, 0, 270],
		[59, "R6_2", 310, 310.34, "T", "SMD", "$1N644", "", "R", 31.751, 34.016, 0, 0, 270],
		[60, "R7_1", 310, 229.66, "T", "SMD", "IN2", "", "R", 31.751, 34.016, 0, 0, 270],
		[61, "R7_2", 310, 170.34, "T", "SMD", "$1N645", "", "R", 31.751, 34.016, 0, 0, 270],
		[62, "R8_1", 182.545, 570, "T", "SMD", "$1N3237", "", "R", 31.751, 34.016, 0, 0, 0],
		[63, "R8_2", 241.865, 570, "T", "SMD", "VCC", "", "R", 31.751, 34.016, 0, 0, 0],
		[64, "R9_1", 325, 395.34, "B", "SMD", "$1N5710", "", "R", 31.751, 34.016, 0, 0, 90],
		[65, "R9_2", 325, 454.66, "B", "SMD", "L-BOOST", "", "R", 31.751, 34.016, 0, 0, 90],
		[66, "R10_1", 325, 270.175, "B", "SMD", "$1N5808", "", "R", 31.751, 34.016, 0, 0, 90],
		[67, "R10_2", 325, 329.495, "B", "SMD", "IN1", "", "R", 31.751, 34.016, 0, 0, 90],
		[68, "R11_1", 325, 145.34, "B", "SMD", "$1N5903", "", "R", 31.751, 34.016, 0, 0, 90],
		[69, "R11_2", 325, 204.66, "B", "SMD", "IN2", "", "R", 31.751, 34.016, 0, 0, 90],
		[70, "TEST_1", 945, 210, "T", "DIP", "OUT1", "", "R", 70.866, 70.866, 39.37, 39.37, 90],
		[71, "TEST_1", 945, 210, "B", "DIP", "OUT1", "", "R", 70.866, 70.866, 39.37, 39.37, 90],
		[72, "TEST_2", 945, 310, "T", "DIP", "OUT2", "", "C", 70.866, 70.866, 39.37, 39.37, 90],
		[73, "TEST_2", 945, 310, "B", "DIP", "OUT2", "", "C", 70.866, 70.866, 39.37, 39.37, 90],
		[74, "PAD1_1", 416.047, 540.567, "T", "SMD", "$1N633", "", "R", 49.213, 27.559, 0, 0, 180],
		[75, "PAD2_2", 416.047, 465.767, "T", "SMD", "GND", "GND", "R", 49.213, 27.559, 0, 0, 180],
		[76, "PAD3_3", 494.787, 503.167, "T", "SMD", "$1N1569", "", "R", 49.213, 27.559, 0, 0, 180],
		[77, "PAD4_2", 359.69, 545, "T", "SMD", "$1N633", "", "R", 31.751, 34.016, 0, 0, 0],
		[78, "PAD5_1", 300.37, 545, "T", "SMD", "L-BOOST", "", "R", 31.751, 34.016, 0, 0, 0],
		[79, "PAD6_1", 782.4, 383.6797, "T", "SMD", "$1N640", "", "R", 49.213, 27.559, 0, 0, 90],
		[80, "PAD7_2", 707.6, 383.6797, "T", "SMD", "$1N635", "", "R", 49.213, 27.559, 0, 0, 90],
		[81, "PAD8_3", 745, 304.9397, "T", "SMD", "OUT2", "", "R", 49.213, 27.559, 0, 0, 90],
		[82, "PAD9_1", 782.4, 237.9895, "T", "SMD", "$1N637", "", "R", 49.213, 27.559, 0, 0, 90],
		[83, "PAD10_2", 707.6, 237.9895, "T", "SMD", "OUT2", "", "R", 49.213, 27.559, 0, 0, 90],
		[84, "PAD11_3", 745, 159.2495, "T", "SMD", "GND", "GND", "R", 49.213, 27.559, 0, 0, 90],
		[85, "PAD12_2", 510, 315.34, "T", "SMD", "$1N636", "", "R", 31.751, 34.016, 0, 0, 270],
		[86, "PAD13_1", 510, 374.66, "T", "SMD", "$1N639", "", "R", 31.751, 34.016, 0, 0, 270],
		[87, "PAD14_2", 510, 170.34, "T", "SMD", "$1N638", "", "R", 31.751, 34.016, 0, 0, 270],
		[88, "PAD15_1", 510, 229.66, "T", "SMD", "$1N641", "", "R", 31.751, 34.016, 0, 0, 270],
		[89, "PAD16_2", 845, 315.34, "T", "SMD", "$1N641", "", "R", 31.751, 34.016, 0, 0, 270],
		[90, "PAD17_1", 845, 374.66, "T", "SMD", "$1N640", "", "R", 31.751, 34.016, 0, 0, 270],
		[91, "PAD18_2", 845, 170.34, "T", "SMD", "$1N639", "", "R", 31.751, 34.016, 0, 0, 270],
		[92, "PAD19_1", 845, 229.66, "T", "SMD", "$1N637", "", "R", 31.751, 34.016, 0, 0, 270],
		[93, "PAD20_1", 372.6, 305.63, "T", "SMD", "$1N644", "", "R", 49.213, 27.559, 0, 0, 270],
		[94, "PAD21_2", 447.4, 305.63, "T", "SMD", "GND", "GND", "R", 49.213, 27.559, 0, 0, 270],
		[95, "PAD22_3", 410, 384.37, "T", "SMD", "$1N639", "", "R", 49.213, 27.559, 0, 0, 270],
		[96, "PAD23_1", 372.6, 160.63, "T", "SMD", "$1N645", "", "R", 49.213, 27.559, 0, 0, 270],
		[97, "PAD24_2", 447.4, 160.63, "T", "SMD", "GND", "GND", "R", 49.213, 27.559, 0, 0, 270],
		[98, "PAD25_3", 410, 239.37, "T", "SMD", "$1N641", "", "R", 49.213, 27.559, 0, 0, 270],
		[99, "PAD26_2", 310, 310.34, "T", "SMD", "$1N644", "", "R", 31.751, 34.016, 0, 0, 270],
		[100, "PAD27_1", 310, 369.66, "T", "SMD", "IN1", "", "R", 31.751, 34.016, 0, 0, 270],
		[101, "PAD28_2", 310, 170.34, "T", "SMD", "$1N645", "", "R", 31.751, 34.016, 0, 0, 270],
		[102, "PAD29_1", 310, 229.66, "T", "SMD", "IN2", "", "R", 31.751, 34.016, 0, 0, 270],
		[103, "PAD30_1", 647.4, 239.37, "T", "SMD", "$1N638", "", "R", 49.213, 27.559, 0, 0, 90],
		[104, "PAD31_2", 572.6, 239.37, "T", "SMD", "OUT1", "", "R", 49.213, 27.559, 0, 0, 90],
		[105, "PAD32_3", 610, 160.63, "T", "SMD", "GND", "GND", "R", 49.213, 27.559, 0, 0, 90],
		[106, "PAD33_1", 647.4, 384.3795, "T", "SMD", "$1N636", "", "R", 49.213, 27.559, 0, 0, 90],
		[107, "PAD34_2", 572.6, 384.3795, "T", "SMD", "$1N635", "", "R", 49.213, 27.559, 0, 0, 90],
		[108, "PAD35_3", 610, 305.6395, "T", "SMD", "OUT1", "", "R", 49.213, 27.559, 0, 0, 90],
		[109, "PAD36_2", 945, 310, "T", "DIP", "OUT2", "", "C", 70.866, 70.866, 39.37, 39.37, 90],
		[110, "PAD36_2", 945, 310, "B", "DIP", "OUT2", "", "C", 70.866, 70.866, 39.37, 39.37, 90],
		[111, "PAD37_1", 945, 210, "T", "DIP", "OUT1", "", "R", 70.866, 70.866, 39.37, 39.37, 90],
		[112, "PAD37_1", 945, 210, "B", "DIP", "OUT1", "", "R", 70.866, 70.866, 39.37, 39.37, 90],
		[113, "PAD38_1", 215, 197.911, "T", "DIP", "IN2", "", "R", 66.929, 66.929, 43.308, 43.308, 90],
		[114, "PAD38_1", 215, 197.911, "B", "DIP", "IN2", "", "R", 66.929, 66.929, 43.308, 43.308, 90],
		[115, "PAD39_2", 215, 297.911, "T", "DIP", "IN1", "", "C", 66.929, 66.929, 43.308, 43.308, 90],
		[116, "PAD39_2", 215, 297.911, "B", "DIP", "IN1", "", "C", 66.929, 66.929, 43.308, 43.308, 90],
		[117, "PAD40_3", 215, 397.911, "T", "DIP", "L-BOOST", "", "C", 66.929, 66.929, 43.308, 43.308, 90],
		[118, "PAD40_3", 215, 397.911, "B", "DIP", "L-BOOST", "", "C", 66.929, 66.929, 43.308, 43.308, 90],
		[119, "PAD41_2", 945, 560, "T", "DIP", "GND", "GND", "C", 70.866, 70.866, 39.37, 39.37, 90],
		[120, "PAD41_2", 945, 560, "B", "DIP", "GND", "GND", "C", 70.866, 70.866, 39.37, 39.37, 90],
		[121, "PAD42_1", 945, 460, "T", "DIP", "VCC", "", "R", 70.866, 70.866, 39.37, 39.37, 90],
		[122, "PAD42_1", 945, 460, "B", "DIP", "VCC", "", "R", 70.866, 70.866, 39.37, 39.37, 90],
		[123, "PAD43_2", 241.865, 570, "T", "SMD", "VCC", "", "R", 31.751, 34.016, 0, 0, 0],
		[124, "PAD44_1", 182.545, 570, "T", "SMD", "$1N3237", "", "R", 31.751, 34.016, 0, 0, 0],
		[125, "PAD45_1", 241.9925, 500.135, "T", "SMD", "GND", "GND", "R", 31.496, 31.496, 0, 0, 270],
		[126, "PAD46_2", 179.0425, 499.865, "T", "SMD", "$1N3237", "", "R", 31.496, 31.496, 0, 0, 270],
		[127, "PAD47_2", 357.895, 470, "T", "SMD", "$1N633", "", "R", 31.496, 35.433, 0, 0, 0],
		[128, "PAD48_1", 302.775, 470, "T", "SMD", "L-BOOST", "", "R", 31.496, 35.433, 0, 0, 0],
		[129, "PAD49_1", 795, 575.052, "T", "SMD", "$1N1569", "", "R", 62.992, 153.543, 0, 0, 270],
		[130, "PAD50_2", 795, 456.932, "T", "SMD", "VCC", "", "R", 62.992, 153.543, 0, 0, 270],
		[131, "PAD51_2", 325, 454.66, "B", "SMD", "L-BOOST", "", "R", 31.751, 34.016, 0, 0, 90],
		[132, "PAD52_1", 325, 395.34, "B", "SMD", "$1N5710", "", "R", 31.751, 34.016, 0, 0, 90],
		[133, "PAD53_1", 395.179, 456.475, "B", "SMD", "GND", "GND", "R", 31.496, 31.496, 0, 0, 180],
		[134, "PAD54_2", 394.909, 393.525, "B", "SMD", "$1N5710", "", "R", 31.496, 31.496, 0, 0, 180],
		[135, "PAD55_2", 325, 329.495, "B", "SMD", "IN1", "", "R", 31.751, 34.016, 0, 0, 90],
		[136, "PAD56_1", 325, 270.175, "B", "SMD", "$1N5808", "", "R", 31.751, 34.016, 0, 0, 90],
		[137, "PAD57_1", 395.179, 331.475, "B", "SMD", "GND", "GND", "R", 31.496, 31.496, 0, 0, 180],
		[138, "PAD58_2", 394.909, 268.525, "B", "SMD", "$1N5808", "", "R", 31.496, 31.496, 0, 0, 180],
		[139, "PAD59_2", 325, 204.66, "B", "SMD", "IN2", "", "R", 31.751, 34.016, 0, 0, 90],
		[140, "PAD60_1", 325, 145.34, "B", "SMD", "$1N5903", "", "R", 31.751, 34.016, 0, 0, 90],
		[141, "PAD61_1", 395.179, 206.475, "B", "SMD", "GND", "GND", "R", 31.496, 31.496, 0, 0, 180],
		[142, "PAD62_2", 394.909, 143.525, "B", "SMD", "$1N5903", "", "R", 31.496, 31.496, 0, 0, 180],
		[143, "PAD63_2", 566.0785, 586.63, "T", "SMD", "$1N1569", "", "R", 37.402, 45.276, 0, 0, 90],
		[144, "PAD64_1", 566.0785, 453.37, "T", "SMD", "$1N635", "", "R", 37.402, 45.276, 0, 0, 90],
		[145, "PAD65_2", 655, 457.3, "T", "SMD", "$1N635", "", "R", 58.465, 68.031, 0, 0, 270],
		[146, "PAD66_1", 655, 582.7, "T", "SMD", "GND", "GND", "R", 58.465, 68.031, 0, 0, 270]
	]
}
}