{
"lengthUnit": "mil",
"remark": ["fly_line"],
"components": {
	"fields": ["COMPONENT_NO", "COMPONENT_NAME", "LAYER", "X_COORDINATE", "Y_COORDINATE", "ANGLE"],
	"rows": [
		[1, "BAT1", "T", 342.8215, -150, 180],
		[2, "C1", "T", 668.0605, -224.8075, 90],
		[3, "C2", "T", 418.595, -312, 0],
		[4, "D1", "T", 551.893, -157, 180],
		[5, "L1", "T", 810.4, -150, 270],
		[6, "L2", "T", 905.8, -151.6, 90],
		[7, "LED1", "T", 293.401, -311.3, 180],
		[8, "PWM1", "T", 340.705, -406.9, 180],
		[9, "Q1", "T", 650.1, -406.6515, 180],
		[10, "Q2", "T", 551.893, -273.3, 270],
		[11, "R1", "T", 508.405, -406.6515, 90],
		[12, "R2", "T", 418.9, -241.6, 0],
		[13, "R3", "T", 295.3525, -241.6, 0],
		[14, "TEST1", "T", 795.8, -356.9, 270],
		[15, "PAD1", "T", 508.405, -376.9915, 0],
		[16, "PAD2", "T", 508.405, -436.3115, 0],
		[17, "PAD3", "T", 514.493, -312.67, 0],
		[18, "PAD4", "T", 589.293, -312.67, 0],
		[19, "PAD5", "T", 551.893, -233.93, 0],
		[20, "PAD6", "T", 448.56, -241.6, 0],
		[21, "PAD7", "T", 389.24, -241.6, 0],
		[22, "PAD8", "T", 610.73, -369.2515, 0],
		[23, "PAD9", "T", 610.73, -444.0515, 0],
		[24, "PAD10", "T", 689.47, -406.6515, 0],
		[25, "PAD11", "T", 795.8, -406.9, 0],
		[26, "PAD11", "B", 795.8, -406.9, 0],
		[27, "PAD12", "T", 795.8, -306.9, 0],
		[28, "PAD12", "B", 795.8, -306.9, 0],
		[29, "PAD13", "T", 292.8215, -150, 0],
		[30, "PAD13", "B", 292.8215, -150, 0],
		[31, "PAD14", "T", 392.8215, -150, 0],
		[32, "PAD14", "B", 392.8215, -150, 0],
		[33, "PAD15", "T", 325.0125, -241.6, 0],
		[34, "PAD16", "T", 265.6925, -241.6, 0],
		[35, "PAD17", "T", 324.876, -311.165, 0],
		[36, "PAD18", "T", 261.926, -311.435, 0],
		[37, "PAD19", "T", 505.728, -157, 0],
		[38, "PAD20", "T", 598.058, -157, 0],
		[39, "PAD21", "T", 446.155, -312, 0],
		[40, "PAD22", "T", 391.035, -312, 0],
		[41, "PAD23", "T", 290.705, -406.9, 0],
		[42, "PAD23", "B", 290.705, -406.9, 0],
		[43, "PAD24", "T", 390.705, -406.9, 0],
		[44, "PAD24", "B", 390.705, -406.9, 0],
		[45, "PAD25", "T", 810.4, -195.28, 0],
		[46, "PAD26", "T", 810.4, -104.72, 0],
		[47, "PAD27", "T", 905.8, -200.815, 0],
		[48, "PAD28", "T", 905.8, -102.385, 0],
		[49, "PAD29", "T", 668.0605, -162.1075, 0],
		[50, "PAD30", "T", 668.0605, -287.5075, 0]
	]
},
"pins": {
	"fields": ["PIN_NO", "PIN_NAME", "PIN_X", "PIN_Y", "LAYER", "PIN_TYPE", "NET_NAME", "NET_TYPE", "PAD_SHAPE", "PAD_SIZEX", "PAD_SIZEY", "HOLE_SIZE", "HOLE_LEN", "PAD_ANGLE"],
	"rows": [
		[1, "BAT1_1", 392.8215, -150, "T", "DIP", "VCC", "", "R", 70.866, 70.866, 39.37, 39.37, 180],
		[2, "BAT1_1", 392.8215, -150, "B", "DIP", "VCC", "", "R", 70.866, 70.866, 39.37, 39.37, 180],
		[3, "BAT1_2", 292.8215, -150, "T", "DIP", "GND", "GND", "C", 70.866, 70.866, 39.37, 39.37, 180],
		[4, "BAT1_2", 292.8215, -150, "B", "DIP", "GND", "GND", "C", 70.866, 70.866, 39.37, 39.37, 180],
		[5, "C1_1", 668.0605, -287.5075, "T", "SMD", "NET3", "", "R", 58.465, 68.031, 0, 0, 90],
		[6, "C1_2", 668.0605, -162.1075, "T", "SMD", "GND", "GND", "R", 58.465, 68.031, 0, 0, 90],
		[7, "C2_1", 391.035, -312, "T", "SMD", "NET1", "", "R", 31.496, 35.433, 0, 0, 0],
		[8, "C2_2", 446.155, -312, "T", "SMD", "$1N914", "", "R", 31.496, 35.433, 0, 0, 0],
		[9, "D1_1", 598.058, -157, "T", "SMD", "NET3", "", "R", 39.37, 29.528, 0, 0, 180],
		[10, "D1_2", 505.728, -157, "T", "SMD", "$1N1295", "", "R", 39.37, 29.528, 0, 0, 180],
		[11, "L1_1", 810.4, -195.28, "T", "SMD", "$1N1295", "", "R", 59.055, 130.709, 0, 0, 270],
		[12, "L1_2", 810.4, -104.72, "T", "SMD", "VCC", "", "R", 59.055, 130.709, 0, 0, 270],
		[13, "L2_1", 905.8, -200.815, "T", "SMD", "$1N1295", "", "R", 47.244, 78.74, 0, 0, 90],
		[14, "L2_2", 905.8, -102.385, "T", "SMD", "VCC", "", "R", 47.244, 78.74, 0, 0, 90],
		[15, "LED1_1", 324.876, -311.165, "T", "SMD", "GND", "GND", "R", 31.496, 31.496, 0, 0, 270],
		[16, "LED1_2", 261.926, -311.435, "T", "SMD", "$1N950", "", "R", 31.496, 31.496, 0, 0, 270],
		[17, "PWM1_1", 390.705, -406.9, "T", "DIP", "NET2", "", "R", 70.866, 70.866, 39.37, 39.37, 180],
		[18, "PWM1_1", 390.705, -406.9, "B", "DIP", "NET2", "", "R", 70.866, 70.866, 39.37, 39.37, 180],
		[19, "PWM1_2", 290.705, -406.9, "T", "DIP", "NET1", "", "C", 70.866, 70.866, 39.37, 39.37, 180],
		[20, "PWM1_2", 290.705, -406.9, "B", "DIP", "NET1", "", "C", 70.866, 70.866, 39.37, 39.37, 180],
		[21, "Q1_1", 610.73, -369.2515, "T", "SMD", "$1N925", "", "R", 49.213, 27.559, 0, 0, 180],
		[22, "Q1_2", 610.73, -444.0515, "T", "SMD", "GND", "GND", "R", 49.213, 27.559, 0, 0, 180],
		[23, "Q1_3", 689.47, -406.6515, "T", "SMD", "NET4", "", "R", 49.213, 27.559, 0, 0, 180],
		[24, "Q2_1", 514.493, -312.67, "T", "SMD", "$1N914", "", "R", 49.213, 27.559, 0, 0, 270],
		[25, "Q2_2", 589.293, -312.67, "T", "SMD", "GND", "GND", "R", 49.213, 27.559, 0, 0, 270],
		[26, "Q2_3", 551.893, -233.93, "T", "SMD", "$1N1295", "", "R", 49.213, 27.559, 0, 0, 270],
		[27, "R1_1", 508.405, -436.3115, "T", "SMD", "NET2", "", "R", 31.751, 34.016, 0, 0, 90],
		[28, "R1_2", 508.405, -376.9915, "T", "SMD", "$1N925", "", "R", 31.751, 34.016, 0, 0, 90],
		[29, "R2_1", 389.24, -241.6, "T", "SMD", "NET1", "", "R", 31.751, 34.016, 0, 0, 0],
		[30, "R2_2", 448.56, -241.6, "T", "SMD", "$1N914", "", "R", 31.751, 34.016, 0, 0, 0],
		[31, "R3_1", 265.6925, -241.6, "T", "SMD", "$1N950", "", "R", 31.751, 34.016, 0, 0, 0],
		[32, "R3_2", 325.0125, -241.6, "T", "SMD", "VCC", "", "R", 31.751, 34.016, 0, 0, 0],
		[33, "TEST1_1", 795.8, -306.9, "T", "DIP", "NET3", "", "R", 70.866, 70.866, 39.37, 39.37, 270],
		[34, "TEST1_1", 795.8, -306.9, "B", "DIP", "NET3", "", "R", 70.866, 70.866, 39.37, 39.37, 270],
		[35, "TEST1_2", 795.8, -406.9, "T", "DIP", "NET4", "", "C", 70.866, 70.866, 39.37, 39.37, 270],
		[36, "TEST1_2", 795.8, -406.9, "B", "DIP", "NET4", "", "C", 70.866, 70.866, 39.37, 39.37, 270],
		[37, "PAD1_2", 508.405, -376.9915, "T", "SMD", "$1N925", "", "R", 31.751, 34.016, 0, 0, 90],
		[38, "PAD2_1", 508.405, -436.3115, "T", "SMD", "NET2", "", "R", 31.751, 34.016, 0, 0, 90],
		[39, "PAD3_1", 514.493, -312.67, "T", "SMD", "$1N914", "", "R", 49.213, 27.559, 0, 0, 270],
		[40, "PAD4_2", 589.293, -312.67, "T", "SMD", "GND", "GND", "R", 49.213, 27.559, 0, 0, 270],
		[41, "PAD5_3", 551.893, -233.93, "T", "SMD", "$1N1295", "", "R", 49.213, 27.559, 0, 0, 270],
		[42, "PAD6_2", 448.56, -241.6, "T", "SMD", "$1N914", "", "R", 31.751, 34.016, 0, 0, 0],
		[43, "PAD7_1", 389.24, -241.6, "T", "SMD", "NET1", "", "R", 31.751, 34.016, 0, 0, 0],
		[44, "PAD8_1", 610.73, -369.2515, "T", "SMD", "$1N925", "", "R", 49.213, 27.559, 0, 0, 180],
		[45, "PAD9_2", 610.73, -444.0515, "T", "SMD", "GND", "GND", "R", 49.213, 27.559, 0, 0, 180],
		[46, "PAD10_3", 689.47, -406.6515, "T", "SMD", "NET4", "", "R", 49.213, 27.559, 0, 0, 180],
		[47, "PAD11_2", 795.8, -406.9, "T", "DIP", "NET4", "", "C", 70.866, 70.866, 39.37, 39.37, 270],
		[48, "PAD11_2", 795.8, -406.9, "B", "DIP", "NET4", "", "C", 70.866, 70.866, 39.37, 39.37, 270],
		[49, "PAD12_1", 795.8, -306.9, "T", "DIP", "NET3", "", "R", 70.866, 70.866, 39.37, 39.37, 270],
		[50, "PAD12_1", 795.8, -306.9, "B", "DIP", "NET3", "", "R", 70.866, 70.866, 39.37, 39.37, 270],
		[51, "PAD13_2", 292.8215, -150, "T", "DIP", "GND", "GND", "C", 70.866, 70.866, 39.37, 39.37, 180],
		[52, "PAD13_2", 292.8215, -150, "B", "DIP", "GND", "GND", "C", 70.866, 70.866, 39.37, 39.37, 180],
		[53, "PAD14_1", 392.8215, -150, "T", "DIP", "VCC", "", "R", 70.866, 70.866, 39.37, 39.37, 180],
		[54, "PAD14_1", 392.8215, -150, "B", "DIP", "VCC", "", "R", 70.866, 70.866, 39.37, 39.37, 180],
		[55, "PAD15_2", 325.0125, -241.6, "T", "SMD", "VCC", "", "R", 31.751, 34.016, 0, 0, 0],
		[56, "PAD16_1", 265.6925, -241.6, "T", "SMD", "$1N950", "", "R", 31.751, 34.016, 0, 0, 0],
		[57, "PAD17_1", 324.876, -311.165, "T", "SMD", "GND", "GND", "R", 31.496, 31.496, 0, 0, 270],
		[58, "PAD18_2", 261.926, -311.435, "T", "SMD", "$1N950", "", "R", 31.496, 31.496, 0, 0, 270],
		[59, "PAD19_2", 505.728, -157, "T", "SMD", "$1N1295", "", "R", 39.37, 29.528, 0, 0, 180],
		[60, "PAD20_1", 598.058, -157, "T", "SMD", "NET3", "", "R", 39.37, 29.528, 0, 0, 180],
		[61, "PAD21_2", 446.155, -312, "T", "SMD", "$1N914", "", "R", 31.496, 35.433, 0, 0, 0],
		[62, "PAD22_1", 391.035, -312, "T", "SMD", "NET1", "", "R", 31.496, 35.433, 0, 0, 0],
		[63, "PAD23_2", 290.705, -406.9, "T", "DIP", "NET1", "", "C", 70.866, 70.866, 39.37, 39.37, 180],
		[64, "PAD23_2", 290.705, -406.9, "B", "DIP", "NET1", "", "C", 70.866, 70.866, 39.37, 39.37, 180],
		[65, "PAD24_1", 390.705, -406.9, "T", "DIP", "NET2", "", "R", 70.866, 70.866, 39.37, 39.37, 180],
		[66, "PAD24_1", 390.705, -406.9, "B", "DIP", "NET2", "", "R", 70.866, 70.866, 39.37, 39.37, 180],
		[67, "PAD25_1", 810.4, -195.28, "T", "SMD", "$1N1295", "", "R", 59.055, 130.709, 0, 0, 270],
		[68, "PAD26_2", 810.4, -104.72, "T", "SMD", "VCC", "", "R", 59.055, 130.709, 0, 0, 270],
		[69, "PAD27_1", 905.8, -200.815, "T", "SMD", "$1N1295", "", "R", 47.244, 78.74, 0, 0, 90],
		[70, "PAD28_2", 905.8, -102.385, "T", "SMD", "VCC", "", "R", 47.244, 78.74, 0, 0, 90],
		[71, "PAD29_2", 668.0605, -162.1075, "T", "SMD", "GND", "GND", "R", 58.465, 68.031, 0, 0, 90],
		[72, "PAD30_1", 668.0605, -287.5075, "T", "SMD", "NET3", "", "R", 58.465, 68.031, 0, 0, 90]
	]
}
}